prompt,image_url_1,image_url_2
https://shyamgopalawsbucket.s3.eu-north-1.amazonaws.com/prompts/1.txt,https://shyamgopalawsbucket.s3.eu-north-1.amazonaws.com/fixed_images/1.jpg,https://shyamgopalawsbucket.s3.eu-north-1.amazonaws.com/best_images/1.jpg
https://shyamgopalawsbucket.s3.eu-north-1.amazonaws.com/prompts/2.txt,https://shyamgopalawsbucket.s3.eu-north-1.amazonaws.com/best_images/2.jpg,https://shyamgopalawsbucket.s3.eu-north-1.amazonaws.com/fixed_images/2.jpg
https://shyamgopalawsbucket.s3.eu-north-1.amazonaws.com/prompts/3.txt,https://shyamgopalawsbucket.s3.eu-north-1.amazonaws.com/best_images/3.jpg,https://shyamgopalawsbucket.s3.eu-north-1.amazonaws.com/fixed_images/3.jpg
https://shyamgopalawsbucket.s3.eu-north-1.amazonaws.com/prompts/4.txt,https://shyamgopalawsbucket.s3.eu-north-1.amazonaws.com/best_images/4.jpg,https://shyamgopalawsbucket.s3.eu-north-1.amazonaws.com/fixed_images/4.jpg
https://shyamgopalawsbucket.s3.eu-north-1.amazonaws.com/prompts/5.txt,https://shyamgopalawsbucket.s3.eu-north-1.amazonaws.com/fixed_images/5.jpg,https://shyamgopalawsbucket.s3.eu-north-1.amazonaws.com/best_images/5.jpg
https://shyamgopalawsbucket.s3.eu-north-1.amazonaws.com/prompts/6.txt,https://shyamgopalawsbucket.s3.eu-north-1.amazonaws.com/fixed_images/6.jpg,https://shyamgopalawsbucket.s3.eu-north-1.amazonaws.com/best_images/6.jpg
https://shyamgopalawsbucket.s3.eu-north-1.amazonaws.com/prompts/7.txt,https://shyamgopalawsbucket.s3.eu-north-1.amazonaws.com/fixed_images/7.jpg,https://shyamgopalawsbucket.s3.eu-north-1.amazonaws.com/best_images/7.jpg
https://shyamgopalawsbucket.s3.eu-north-1.amazonaws.com/prompts/8.txt,https://shyamgopalawsbucket.s3.eu-north-1.amazonaws.com/best_images/8.jpg,https://shyamgopalawsbucket.s3.eu-north-1.amazonaws.com/fixed_images/8.jpg
https://shyamgopalawsbucket.s3.eu-north-1.amazonaws.com/prompts/9.txt,https://shyamgopalawsbucket.s3.eu-north-1.amazonaws.com/best_images/9.jpg,https://shyamgopalawsbucket.s3.eu-north-1.amazonaws.com/fixed_images/9.jpg
https://shyamgopalawsbucket.s3.eu-north-1.amazonaws.com/prompts/10.txt,https://shyamgopalawsbucket.s3.eu-north-1.amazonaws.com/best_images/10.jpg,https://shyamgopalawsbucket.s3.eu-north-1.amazonaws.com/fixed_images/10.jpg
https://shyamgopalawsbucket.s3.eu-north-1.amazonaws.com/prompts/11.txt,https://shyamgopalawsbucket.s3.eu-north-1.amazonaws.com/best_images/11.jpg,https://shyamgopalawsbucket.s3.eu-north-1.amazonaws.com/fixed_images/11.jpg
https://shyamgopalawsbucket.s3.eu-north-1.amazonaws.com/prompts/12.txt,https://shyamgopalawsbucket.s3.eu-north-1.amazonaws.com/fixed_images/12.jpg,https://shyamgopalawsbucket.s3.eu-north-1.amazonaws.com/best_images/12.jpg
https://shyamgopalawsbucket.s3.eu-north-1.amazonaws.com/prompts/13.txt,https://shyamgopalawsbucket.s3.eu-north-1.amazonaws.com/best_images/13.jpg,https://shyamgopalawsbucket.s3.eu-north-1.amazonaws.com/fixed_images/13.jpg
https://shyamgopalawsbucket.s3.eu-north-1.amazonaws.com/prompts/14.txt,https://shyamgopalawsbucket.s3.eu-north-1.amazonaws.com/best_images/14.jpg,https://shyamgopalawsbucket.s3.eu-north-1.amazonaws.com/fixed_images/14.jpg
https://shyamgopalawsbucket.s3.eu-north-1.amazonaws.com/prompts/15.txt,https://shyamgopalawsbucket.s3.eu-north-1.amazonaws.com/fixed_images/15.jpg,https://shyamgopalawsbucket.s3.eu-north-1.amazonaws.com/best_images/15.jpg
https://shyamgopalawsbucket.s3.eu-north-1.amazonaws.com/prompts/16.txt,https://shyamgopalawsbucket.s3.eu-north-1.amazonaws.com/fixed_images/16.jpg,https://shyamgopalawsbucket.s3.eu-north-1.amazonaws.com/best_images/16.jpg
https://shyamgopalawsbucket.s3.eu-north-1.amazonaws.com/prompts/17.txt,https://shyamgopalawsbucket.s3.eu-north-1.amazonaws.com/best_images/17.jpg,https://shyamgopalawsbucket.s3.eu-north-1.amazonaws.com/fixed_images/17.jpg
https://shyamgopalawsbucket.s3.eu-north-1.amazonaws.com/prompts/18.txt,https://shyamgopalawsbucket.s3.eu-north-1.amazonaws.com/fixed_images/18.jpg,https://shyamgopalawsbucket.s3.eu-north-1.amazonaws.com/best_images/18.jpg
https://shyamgopalawsbucket.s3.eu-north-1.amazonaws.com/prompts/19.txt,https://shyamgopalawsbucket.s3.eu-north-1.amazonaws.com/fixed_images/19.jpg,https://shyamgopalawsbucket.s3.eu-north-1.amazonaws.com/best_images/19.jpg
https://shyamgopalawsbucket.s3.eu-north-1.amazonaws.com/prompts/20.txt,https://shyamgopalawsbucket.s3.eu-north-1.amazonaws.com/best_images/20.jpg,https://shyamgopalawsbucket.s3.eu-north-1.amazonaws.com/fixed_images/20.jpg
https://shyamgopalawsbucket.s3.eu-north-1.amazonaws.com/prompts/21.txt,https://shyamgopalawsbucket.s3.eu-north-1.amazonaws.com/fixed_images/21.jpg,https://shyamgopalawsbucket.s3.eu-north-1.amazonaws.com/best_images/21.jpg
https://shyamgopalawsbucket.s3.eu-north-1.amazonaws.com/prompts/22.txt,https://shyamgopalawsbucket.s3.eu-north-1.amazonaws.com/fixed_images/22.jpg,https://shyamgopalawsbucket.s3.eu-north-1.amazonaws.com/best_images/22.jpg
https://shyamgopalawsbucket.s3.eu-north-1.amazonaws.com/prompts/23.txt,https://shyamgopalawsbucket.s3.eu-north-1.amazonaws.com/best_images/23.jpg,https://shyamgopalawsbucket.s3.eu-north-1.amazonaws.com/fixed_images/23.jpg
https://shyamgopalawsbucket.s3.eu-north-1.amazonaws.com/prompts/24.txt,https://shyamgopalawsbucket.s3.eu-north-1.amazonaws.com/best_images/24.jpg,https://shyamgopalawsbucket.s3.eu-north-1.amazonaws.com/fixed_images/24.jpg
https://shyamgopalawsbucket.s3.eu-north-1.amazonaws.com/prompts/25.txt,https://shyamgopalawsbucket.s3.eu-north-1.amazonaws.com/fixed_images/25.jpg,https://shyamgopalawsbucket.s3.eu-north-1.amazonaws.com/best_images/25.jpg
https://shyamgopalawsbucket.s3.eu-north-1.amazonaws.com/prompts/26.txt,https://shyamgopalawsbucket.s3.eu-north-1.amazonaws.com/best_images/26.jpg,https://shyamgopalawsbucket.s3.eu-north-1.amazonaws.com/fixed_images/26.jpg
https://shyamgopalawsbucket.s3.eu-north-1.amazonaws.com/prompts/27.txt,https://shyamgopalawsbucket.s3.eu-north-1.amazonaws.com/best_images/27.jpg,https://shyamgopalawsbucket.s3.eu-north-1.amazonaws.com/fixed_images/27.jpg
https://shyamgopalawsbucket.s3.eu-north-1.amazonaws.com/prompts/28.txt,https://shyamgopalawsbucket.s3.eu-north-1.amazonaws.com/best_images/28.jpg,https://shyamgopalawsbucket.s3.eu-north-1.amazonaws.com/fixed_images/28.jpg
https://shyamgopalawsbucket.s3.eu-north-1.amazonaws.com/prompts/29.txt,https://shyamgopalawsbucket.s3.eu-north-1.amazonaws.com/fixed_images/29.jpg,https://shyamgopalawsbucket.s3.eu-north-1.amazonaws.com/best_images/29.jpg
https://shyamgopalawsbucket.s3.eu-north-1.amazonaws.com/prompts/30.txt,https://shyamgopalawsbucket.s3.eu-north-1.amazonaws.com/fixed_images/30.jpg,https://shyamgopalawsbucket.s3.eu-north-1.amazonaws.com/best_images/30.jpg
https://shyamgopalawsbucket.s3.eu-north-1.amazonaws.com/prompts/31.txt,https://shyamgopalawsbucket.s3.eu-north-1.amazonaws.com/fixed_images/31.jpg,https://shyamgopalawsbucket.s3.eu-north-1.amazonaws.com/best_images/31.jpg
https://shyamgopalawsbucket.s3.eu-north-1.amazonaws.com/prompts/32.txt,https://shyamgopalawsbucket.s3.eu-north-1.amazonaws.com/fixed_images/32.jpg,https://shyamgopalawsbucket.s3.eu-north-1.amazonaws.com/best_images/32.jpg
https://shyamgopalawsbucket.s3.eu-north-1.amazonaws.com/prompts/33.txt,https://shyamgopalawsbucket.s3.eu-north-1.amazonaws.com/fixed_images/33.jpg,https://shyamgopalawsbucket.s3.eu-north-1.amazonaws.com/best_images/33.jpg
https://shyamgopalawsbucket.s3.eu-north-1.amazonaws.com/prompts/34.txt,https://shyamgopalawsbucket.s3.eu-north-1.amazonaws.com/fixed_images/34.jpg,https://shyamgopalawsbucket.s3.eu-north-1.amazonaws.com/best_images/34.jpg
https://shyamgopalawsbucket.s3.eu-north-1.amazonaws.com/prompts/35.txt,https://shyamgopalawsbucket.s3.eu-north-1.amazonaws.com/best_images/35.jpg,https://shyamgopalawsbucket.s3.eu-north-1.amazonaws.com/fixed_images/35.jpg
https://shyamgopalawsbucket.s3.eu-north-1.amazonaws.com/prompts/36.txt,https://shyamgopalawsbucket.s3.eu-north-1.amazonaws.com/fixed_images/36.jpg,https://shyamgopalawsbucket.s3.eu-north-1.amazonaws.com/best_images/36.jpg
https://shyamgopalawsbucket.s3.eu-north-1.amazonaws.com/prompts/37.txt,https://shyamgopalawsbucket.s3.eu-north-1.amazonaws.com/fixed_images/37.jpg,https://shyamgopalawsbucket.s3.eu-north-1.amazonaws.com/best_images/37.jpg
https://shyamgopalawsbucket.s3.eu-north-1.amazonaws.com/prompts/38.txt,https://shyamgopalawsbucket.s3.eu-north-1.amazonaws.com/fixed_images/38.jpg,https://shyamgopalawsbucket.s3.eu-north-1.amazonaws.com/best_images/38.jpg
https://shyamgopalawsbucket.s3.eu-north-1.amazonaws.com/prompts/39.txt,https://shyamgopalawsbucket.s3.eu-north-1.amazonaws.com/fixed_images/39.jpg,https://shyamgopalawsbucket.s3.eu-north-1.amazonaws.com/best_images/39.jpg
https://shyamgopalawsbucket.s3.eu-north-1.amazonaws.com/prompts/40.txt,https://shyamgopalawsbucket.s3.eu-north-1.amazonaws.com/fixed_images/40.jpg,https://shyamgopalawsbucket.s3.eu-north-1.amazonaws.com/best_images/40.jpg
https://shyamgopalawsbucket.s3.eu-north-1.amazonaws.com/prompts/41.txt,https://shyamgopalawsbucket.s3.eu-north-1.amazonaws.com/fixed_images/41.jpg,https://shyamgopalawsbucket.s3.eu-north-1.amazonaws.com/best_images/41.jpg
https://shyamgopalawsbucket.s3.eu-north-1.amazonaws.com/prompts/42.txt,https://shyamgopalawsbucket.s3.eu-north-1.amazonaws.com/best_images/42.jpg,https://shyamgopalawsbucket.s3.eu-north-1.amazonaws.com/fixed_images/42.jpg
https://shyamgopalawsbucket.s3.eu-north-1.amazonaws.com/prompts/43.txt,https://shyamgopalawsbucket.s3.eu-north-1.amazonaws.com/best_images/43.jpg,https://shyamgopalawsbucket.s3.eu-north-1.amazonaws.com/fixed_images/43.jpg
https://shyamgopalawsbucket.s3.eu-north-1.amazonaws.com/prompts/44.txt,https://shyamgopalawsbucket.s3.eu-north-1.amazonaws.com/best_images/44.jpg,https://shyamgopalawsbucket.s3.eu-north-1.amazonaws.com/fixed_images/44.jpg
https://shyamgopalawsbucket.s3.eu-north-1.amazonaws.com/prompts/45.txt,https://shyamgopalawsbucket.s3.eu-north-1.amazonaws.com/best_images/45.jpg,https://shyamgopalawsbucket.s3.eu-north-1.amazonaws.com/fixed_images/45.jpg
https://shyamgopalawsbucket.s3.eu-north-1.amazonaws.com/prompts/46.txt,https://shyamgopalawsbucket.s3.eu-north-1.amazonaws.com/best_images/46.jpg,https://shyamgopalawsbucket.s3.eu-north-1.amazonaws.com/fixed_images/46.jpg
https://shyamgopalawsbucket.s3.eu-north-1.amazonaws.com/prompts/47.txt,https://shyamgopalawsbucket.s3.eu-north-1.amazonaws.com/best_images/47.jpg,https://shyamgopalawsbucket.s3.eu-north-1.amazonaws.com/fixed_images/47.jpg
https://shyamgopalawsbucket.s3.eu-north-1.amazonaws.com/prompts/48.txt,https://shyamgopalawsbucket.s3.eu-north-1.amazonaws.com/best_images/48.jpg,https://shyamgopalawsbucket.s3.eu-north-1.amazonaws.com/fixed_images/48.jpg
https://shyamgopalawsbucket.s3.eu-north-1.amazonaws.com/prompts/49.txt,https://shyamgopalawsbucket.s3.eu-north-1.amazonaws.com/fixed_images/49.jpg,https://shyamgopalawsbucket.s3.eu-north-1.amazonaws.com/best_images/49.jpg
https://shyamgopalawsbucket.s3.eu-north-1.amazonaws.com/prompts/50.txt,https://shyamgopalawsbucket.s3.eu-north-1.amazonaws.com/best_images/50.jpg,https://shyamgopalawsbucket.s3.eu-north-1.amazonaws.com/fixed_images/50.jpg
https://shyamgopalawsbucket.s3.eu-north-1.amazonaws.com/prompts/51.txt,https://shyamgopalawsbucket.s3.eu-north-1.amazonaws.com/best_images/51.jpg,https://shyamgopalawsbucket.s3.eu-north-1.amazonaws.com/fixed_images/51.jpg
https://shyamgopalawsbucket.s3.eu-north-1.amazonaws.com/prompts/52.txt,https://shyamgopalawsbucket.s3.eu-north-1.amazonaws.com/best_images/52.jpg,https://shyamgopalawsbucket.s3.eu-north-1.amazonaws.com/fixed_images/52.jpg
https://shyamgopalawsbucket.s3.eu-north-1.amazonaws.com/prompts/53.txt,https://shyamgopalawsbucket.s3.eu-north-1.amazonaws.com/best_images/53.jpg,https://shyamgopalawsbucket.s3.eu-north-1.amazonaws.com/fixed_images/53.jpg
https://shyamgopalawsbucket.s3.eu-north-1.amazonaws.com/prompts/54.txt,https://shyamgopalawsbucket.s3.eu-north-1.amazonaws.com/fixed_images/54.jpg,https://shyamgopalawsbucket.s3.eu-north-1.amazonaws.com/best_images/54.jpg
https://shyamgopalawsbucket.s3.eu-north-1.amazonaws.com/prompts/55.txt,https://shyamgopalawsbucket.s3.eu-north-1.amazonaws.com/fixed_images/55.jpg,https://shyamgopalawsbucket.s3.eu-north-1.amazonaws.com/best_images/55.jpg
https://shyamgopalawsbucket.s3.eu-north-1.amazonaws.com/prompts/56.txt,https://shyamgopalawsbucket.s3.eu-north-1.amazonaws.com/fixed_images/56.jpg,https://shyamgopalawsbucket.s3.eu-north-1.amazonaws.com/best_images/56.jpg
https://shyamgopalawsbucket.s3.eu-north-1.amazonaws.com/prompts/57.txt,https://shyamgopalawsbucket.s3.eu-north-1.amazonaws.com/best_images/57.jpg,https://shyamgopalawsbucket.s3.eu-north-1.amazonaws.com/fixed_images/57.jpg
https://shyamgopalawsbucket.s3.eu-north-1.amazonaws.com/prompts/58.txt,https://shyamgopalawsbucket.s3.eu-north-1.amazonaws.com/fixed_images/58.jpg,https://shyamgopalawsbucket.s3.eu-north-1.amazonaws.com/best_images/58.jpg
https://shyamgopalawsbucket.s3.eu-north-1.amazonaws.com/prompts/59.txt,https://shyamgopalawsbucket.s3.eu-north-1.amazonaws.com/best_images/59.jpg,https://shyamgopalawsbucket.s3.eu-north-1.amazonaws.com/fixed_images/59.jpg
https://shyamgopalawsbucket.s3.eu-north-1.amazonaws.com/prompts/60.txt,https://shyamgopalawsbucket.s3.eu-north-1.amazonaws.com/best_images/60.jpg,https://shyamgopalawsbucket.s3.eu-north-1.amazonaws.com/fixed_images/60.jpg
https://shyamgopalawsbucket.s3.eu-north-1.amazonaws.com/prompts/61.txt,https://shyamgopalawsbucket.s3.eu-north-1.amazonaws.com/fixed_images/61.jpg,https://shyamgopalawsbucket.s3.eu-north-1.amazonaws.com/best_images/61.jpg
https://shyamgopalawsbucket.s3.eu-north-1.amazonaws.com/prompts/62.txt,https://shyamgopalawsbucket.s3.eu-north-1.amazonaws.com/fixed_images/62.jpg,https://shyamgopalawsbucket.s3.eu-north-1.amazonaws.com/best_images/62.jpg
https://shyamgopalawsbucket.s3.eu-north-1.amazonaws.com/prompts/63.txt,https://shyamgopalawsbucket.s3.eu-north-1.amazonaws.com/fixed_images/63.jpg,https://shyamgopalawsbucket.s3.eu-north-1.amazonaws.com/best_images/63.jpg
https://shyamgopalawsbucket.s3.eu-north-1.amazonaws.com/prompts/64.txt,https://shyamgopalawsbucket.s3.eu-north-1.amazonaws.com/fixed_images/64.jpg,https://shyamgopalawsbucket.s3.eu-north-1.amazonaws.com/best_images/64.jpg
https://shyamgopalawsbucket.s3.eu-north-1.amazonaws.com/prompts/65.txt,https://shyamgopalawsbucket.s3.eu-north-1.amazonaws.com/fixed_images/65.jpg,https://shyamgopalawsbucket.s3.eu-north-1.amazonaws.com/best_images/65.jpg
https://shyamgopalawsbucket.s3.eu-north-1.amazonaws.com/prompts/66.txt,https://shyamgopalawsbucket.s3.eu-north-1.amazonaws.com/fixed_images/66.jpg,https://shyamgopalawsbucket.s3.eu-north-1.amazonaws.com/best_images/66.jpg
https://shyamgopalawsbucket.s3.eu-north-1.amazonaws.com/prompts/67.txt,https://shyamgopalawsbucket.s3.eu-north-1.amazonaws.com/best_images/67.jpg,https://shyamgopalawsbucket.s3.eu-north-1.amazonaws.com/fixed_images/67.jpg
https://shyamgopalawsbucket.s3.eu-north-1.amazonaws.com/prompts/68.txt,https://shyamgopalawsbucket.s3.eu-north-1.amazonaws.com/best_images/68.jpg,https://shyamgopalawsbucket.s3.eu-north-1.amazonaws.com/fixed_images/68.jpg
https://shyamgopalawsbucket.s3.eu-north-1.amazonaws.com/prompts/69.txt,https://shyamgopalawsbucket.s3.eu-north-1.amazonaws.com/best_images/69.jpg,https://shyamgopalawsbucket.s3.eu-north-1.amazonaws.com/fixed_images/69.jpg
https://shyamgopalawsbucket.s3.eu-north-1.amazonaws.com/prompts/70.txt,https://shyamgopalawsbucket.s3.eu-north-1.amazonaws.com/best_images/70.jpg,https://shyamgopalawsbucket.s3.eu-north-1.amazonaws.com/fixed_images/70.jpg
https://shyamgopalawsbucket.s3.eu-north-1.amazonaws.com/prompts/71.txt,https://shyamgopalawsbucket.s3.eu-north-1.amazonaws.com/best_images/71.jpg,https://shyamgopalawsbucket.s3.eu-north-1.amazonaws.com/fixed_images/71.jpg
https://shyamgopalawsbucket.s3.eu-north-1.amazonaws.com/prompts/72.txt,https://shyamgopalawsbucket.s3.eu-north-1.amazonaws.com/fixed_images/72.jpg,https://shyamgopalawsbucket.s3.eu-north-1.amazonaws.com/best_images/72.jpg
https://shyamgopalawsbucket.s3.eu-north-1.amazonaws.com/prompts/73.txt,https://shyamgopalawsbucket.s3.eu-north-1.amazonaws.com/fixed_images/73.jpg,https://shyamgopalawsbucket.s3.eu-north-1.amazonaws.com/best_images/73.jpg
https://shyamgopalawsbucket.s3.eu-north-1.amazonaws.com/prompts/74.txt,https://shyamgopalawsbucket.s3.eu-north-1.amazonaws.com/best_images/74.jpg,https://shyamgopalawsbucket.s3.eu-north-1.amazonaws.com/fixed_images/74.jpg
https://shyamgopalawsbucket.s3.eu-north-1.amazonaws.com/prompts/75.txt,https://shyamgopalawsbucket.s3.eu-north-1.amazonaws.com/fixed_images/75.jpg,https://shyamgopalawsbucket.s3.eu-north-1.amazonaws.com/best_images/75.jpg
https://shyamgopalawsbucket.s3.eu-north-1.amazonaws.com/prompts/76.txt,https://shyamgopalawsbucket.s3.eu-north-1.amazonaws.com/best_images/76.jpg,https://shyamgopalawsbucket.s3.eu-north-1.amazonaws.com/fixed_images/76.jpg
https://shyamgopalawsbucket.s3.eu-north-1.amazonaws.com/prompts/77.txt,https://shyamgopalawsbucket.s3.eu-north-1.amazonaws.com/fixed_images/77.jpg,https://shyamgopalawsbucket.s3.eu-north-1.amazonaws.com/best_images/77.jpg
https://shyamgopalawsbucket.s3.eu-north-1.amazonaws.com/prompts/78.txt,https://shyamgopalawsbucket.s3.eu-north-1.amazonaws.com/best_images/78.jpg,https://shyamgopalawsbucket.s3.eu-north-1.amazonaws.com/fixed_images/78.jpg
https://shyamgopalawsbucket.s3.eu-north-1.amazonaws.com/prompts/79.txt,https://shyamgopalawsbucket.s3.eu-north-1.amazonaws.com/best_images/79.jpg,https://shyamgopalawsbucket.s3.eu-north-1.amazonaws.com/fixed_images/79.jpg
https://shyamgopalawsbucket.s3.eu-north-1.amazonaws.com/prompts/80.txt,https://shyamgopalawsbucket.s3.eu-north-1.amazonaws.com/best_images/80.jpg,https://shyamgopalawsbucket.s3.eu-north-1.amazonaws.com/fixed_images/80.jpg
https://shyamgopalawsbucket.s3.eu-north-1.amazonaws.com/prompts/81.txt,https://shyamgopalawsbucket.s3.eu-north-1.amazonaws.com/fixed_images/81.jpg,https://shyamgopalawsbucket.s3.eu-north-1.amazonaws.com/best_images/81.jpg
https://shyamgopalawsbucket.s3.eu-north-1.amazonaws.com/prompts/82.txt,https://shyamgopalawsbucket.s3.eu-north-1.amazonaws.com/best_images/82.jpg,https://shyamgopalawsbucket.s3.eu-north-1.amazonaws.com/fixed_images/82.jpg
https://shyamgopalawsbucket.s3.eu-north-1.amazonaws.com/prompts/83.txt,https://shyamgopalawsbucket.s3.eu-north-1.amazonaws.com/fixed_images/83.jpg,https://shyamgopalawsbucket.s3.eu-north-1.amazonaws.com/best_images/83.jpg
https://shyamgopalawsbucket.s3.eu-north-1.amazonaws.com/prompts/84.txt,https://shyamgopalawsbucket.s3.eu-north-1.amazonaws.com/fixed_images/84.jpg,https://shyamgopalawsbucket.s3.eu-north-1.amazonaws.com/best_images/84.jpg
https://shyamgopalawsbucket.s3.eu-north-1.amazonaws.com/prompts/85.txt,https://shyamgopalawsbucket.s3.eu-north-1.amazonaws.com/best_images/85.jpg,https://shyamgopalawsbucket.s3.eu-north-1.amazonaws.com/fixed_images/85.jpg
https://shyamgopalawsbucket.s3.eu-north-1.amazonaws.com/prompts/86.txt,https://shyamgopalawsbucket.s3.eu-north-1.amazonaws.com/best_images/86.jpg,https://shyamgopalawsbucket.s3.eu-north-1.amazonaws.com/fixed_images/86.jpg
https://shyamgopalawsbucket.s3.eu-north-1.amazonaws.com/prompts/87.txt,https://shyamgopalawsbucket.s3.eu-north-1.amazonaws.com/fixed_images/87.jpg,https://shyamgopalawsbucket.s3.eu-north-1.amazonaws.com/best_images/87.jpg
https://shyamgopalawsbucket.s3.eu-north-1.amazonaws.com/prompts/88.txt,https://shyamgopalawsbucket.s3.eu-north-1.amazonaws.com/fixed_images/88.jpg,https://shyamgopalawsbucket.s3.eu-north-1.amazonaws.com/best_images/88.jpg
https://shyamgopalawsbucket.s3.eu-north-1.amazonaws.com/prompts/89.txt,https://shyamgopalawsbucket.s3.eu-north-1.amazonaws.com/best_images/89.jpg,https://shyamgopalawsbucket.s3.eu-north-1.amazonaws.com/fixed_images/89.jpg
https://shyamgopalawsbucket.s3.eu-north-1.amazonaws.com/prompts/90.txt,https://shyamgopalawsbucket.s3.eu-north-1.amazonaws.com/best_images/90.jpg,https://shyamgopalawsbucket.s3.eu-north-1.amazonaws.com/fixed_images/90.jpg
https://shyamgopalawsbucket.s3.eu-north-1.amazonaws.com/prompts/91.txt,https://shyamgopalawsbucket.s3.eu-north-1.amazonaws.com/best_images/91.jpg,https://shyamgopalawsbucket.s3.eu-north-1.amazonaws.com/fixed_images/91.jpg
https://shyamgopalawsbucket.s3.eu-north-1.amazonaws.com/prompts/92.txt,https://shyamgopalawsbucket.s3.eu-north-1.amazonaws.com/fixed_images/92.jpg,https://shyamgopalawsbucket.s3.eu-north-1.amazonaws.com/best_images/92.jpg
https://shyamgopalawsbucket.s3.eu-north-1.amazonaws.com/prompts/93.txt,https://shyamgopalawsbucket.s3.eu-north-1.amazonaws.com/fixed_images/93.jpg,https://shyamgopalawsbucket.s3.eu-north-1.amazonaws.com/best_images/93.jpg
https://shyamgopalawsbucket.s3.eu-north-1.amazonaws.com/prompts/94.txt,https://shyamgopalawsbucket.s3.eu-north-1.amazonaws.com/best_images/94.jpg,https://shyamgopalawsbucket.s3.eu-north-1.amazonaws.com/fixed_images/94.jpg
https://shyamgopalawsbucket.s3.eu-north-1.amazonaws.com/prompts/95.txt,https://shyamgopalawsbucket.s3.eu-north-1.amazonaws.com/best_images/95.jpg,https://shyamgopalawsbucket.s3.eu-north-1.amazonaws.com/fixed_images/95.jpg
https://shyamgopalawsbucket.s3.eu-north-1.amazonaws.com/prompts/96.txt,https://shyamgopalawsbucket.s3.eu-north-1.amazonaws.com/best_images/96.jpg,https://shyamgopalawsbucket.s3.eu-north-1.amazonaws.com/fixed_images/96.jpg
https://shyamgopalawsbucket.s3.eu-north-1.amazonaws.com/prompts/97.txt,https://shyamgopalawsbucket.s3.eu-north-1.amazonaws.com/fixed_images/97.jpg,https://shyamgopalawsbucket.s3.eu-north-1.amazonaws.com/best_images/97.jpg
https://shyamgopalawsbucket.s3.eu-north-1.amazonaws.com/prompts/98.txt,https://shyamgopalawsbucket.s3.eu-north-1.amazonaws.com/fixed_images/98.jpg,https://shyamgopalawsbucket.s3.eu-north-1.amazonaws.com/best_images/98.jpg
https://shyamgopalawsbucket.s3.eu-north-1.amazonaws.com/prompts/99.txt,https://shyamgopalawsbucket.s3.eu-north-1.amazonaws.com/fixed_images/99.jpg,https://shyamgopalawsbucket.s3.eu-north-1.amazonaws.com/best_images/99.jpg
https://shyamgopalawsbucket.s3.eu-north-1.amazonaws.com/prompts/100.txt,https://shyamgopalawsbucket.s3.eu-north-1.amazonaws.com/fixed_images/100.jpg,https://shyamgopalawsbucket.s3.eu-north-1.amazonaws.com/best_images/100.jpg